# Exported C function, audited canonical implementation-to-spec theorem.
# These entries describe PRODUCTION LP64 Clight coverage, not other builds.
simplicity_one_8 C.jet_canonical one8_local_spec
simplicity_one_16 C.jet_canonical one16_local_spec
simplicity_one_32 C.jet_canonical one32_local_spec
simplicity_one_64 C.jet_canonical one64_local_spec
simplicity_increment_8 C.jet_canonical increment8_local_spec
simplicity_increment_16 C.jet_canonical increment16_local_spec
simplicity_increment_32 C.jet_canonical increment32_local_spec
simplicity_increment_64 C.jet_canonical increment64_local_spec
simplicity_add_8 C.jet_canonical add8_local_spec
simplicity_add_16 C.jet_canonical add16_local_spec
simplicity_add_32 C.jet_canonical add32_local_spec
simplicity_add_64 C.jet_canonical add64_local_spec
simplicity_low_1 C.jet_constant_layout low1_local_spec
simplicity_high_1 C.jet_constant_layout high1_local_spec
simplicity_low_8 C.jet_constant_layout low8_local_spec
simplicity_high_8 C.jet_constant_layout high8_local_spec
simplicity_low_16 C.jet_constant_layout low16_local_spec
simplicity_high_16 C.jet_constant_layout high16_local_spec
simplicity_low_32 C.jet_constant_layout low32_local_spec
simplicity_high_32 C.jet_constant_layout high32_local_spec
simplicity_low_64 C.jet_constant_layout low64_local_spec
simplicity_high_64 C.jet_constant_layout high64_local_spec
simplicity_complement_8 C.jet_complement8_layout complement8_local_spec
simplicity_complement_16 C.jet_complement_wide_layout complement16_local_spec
simplicity_complement_32 C.jet_complement_wide_layout complement32_local_spec
simplicity_complement_64 C.jet_complement_wide_layout complement64_local_spec
simplicity_complement_1 C.jet_complement1_layout complement1_local_spec
simplicity_and_16 C.jet_binary_wide_layout and16_local_spec
simplicity_and_32 C.jet_binary_wide_layout and32_local_spec
simplicity_and_64 C.jet_binary_wide_layout and64_local_spec
simplicity_or_16 C.jet_binary_wide_layout or16_local_spec
simplicity_or_32 C.jet_binary_wide_layout or32_local_spec
simplicity_or_64 C.jet_binary_wide_layout or64_local_spec
simplicity_xor_16 C.jet_binary_wide_layout xor16_local_spec
simplicity_xor_32 C.jet_binary_wide_layout xor32_local_spec
simplicity_xor_64 C.jet_binary_wide_layout xor64_local_spec
simplicity_and_8 C.jet_binary8_layout and8_local_spec
simplicity_or_8 C.jet_binary8_layout or8_local_spec
simplicity_xor_8 C.jet_binary8_layout xor8_local_spec
